CENTRALWAVELNG,BANDWIDTH,PL_TRANDEP,PL_TRANDEPERR1,PL_TRANDEPERR2,PL_TRANDEP_AUTHORS,PL_RATROR,PL_RATRORERR1,PL_RATRORERR2,PL_RATROR_AUTHORS,PL_RADJ,PL_RADJERR1,PL_RADJERR2,PL_RADJ_AUTHORS,PL_TRANMID,PL_TRANMIDERR1,PL_TRANMIDERR2,ST_RAD,ST_RADERR1,ST_RADERR2,ST_RAD_AUTHORS
3.00067,,2.1309,0.0094,-0.0094,JWST Transiting Exoplanet Community ERS Team 2022,0.14598,3.2E-4,-3.2E-4,JWST Transiting Exoplanet Community ERS Team 2022,1.2714,,,JWST Transiting Exoplanet Community ERS Team 2022,,,,0.895,0.023,-0.023,Faedi et al. 2011
3.01389,,2.1338,0.0098,-0.0098,JWST Transiting Exoplanet Community ERS Team 2022,0.14608,3.4E-4,-3.4E-4,JWST Transiting Exoplanet Community ERS Team 2022,1.2722,,,JWST Transiting Exoplanet Community ERS Team 2022,,,,0.895,0.023,-0.023,Faedi et al. 2011
3.02706,,2.1568,0.0097,-0.0097,JWST Transiting Exoplanet Community ERS Team 2022,0.14686,3.3E-4,-3.3E-4,JWST Transiting Exoplanet Community ERS Team 2022,1.2791,,,JWST Transiting Exoplanet Community ERS Team 2022,,,,0.895,0.023,-0.023,Faedi et al. 2011
3.04017,,2.1504,0.0097,-0.0097,JWST Transiting Exoplanet Community ERS Team 2022,0.14664,3.3E-4,-3.3E-4,JWST Transiting Exoplanet Community ERS Team 2022,1.2772,,,JWST Transiting Exoplanet Community ERS Team 2022,,,,0.895,0.023,-0.023,Faedi et al. 2011
3.05323,,2.1462,0.0097,-0.0097,JWST Transiting Exoplanet Community ERS Team 2022,0.1465,3.3E-4,-3.3E-4,JWST Transiting Exoplanet Community ERS Team 2022,1.2759,,,JWST Transiting Exoplanet Community ERS Team 2022,,,,0.895,0.023,-0.023,Faedi et al. 2011
3.06624,,2.1196,0.0097,-0.0097,JWST Transiting Exoplanet Community ERS Team 2022,0.14559,3.3E-4,-3.3E-4,JWST Transiting Exoplanet Community ERS Team 2022,1.268,,,JWST Transiting Exoplanet Community ERS Team 2022,,,,0.895,0.023,-0.023,Faedi et al. 2011
3.07919,,2.1233,0.0097,-0.0097,JWST Transiting Exoplanet Community ERS Team 2022,0.14572,3.3E-4,-3.3E-4,JWST Transiting Exoplanet Community ERS Team 2022,1.2691,,,JWST Transiting Exoplanet Community ERS Team 2022,,,,0.895,0.023,-0.023,Faedi et al. 2011
3.09209,,2.132,0.0098,-0.0098,JWST Transiting Exoplanet Community ERS Team 2022,0.14601,3.4E-4,-3.4E-4,JWST Transiting Exoplanet Community ERS Team 2022,1.2717,,,JWST Transiting Exoplanet Community ERS Team 2022,,,,0.895,0.023,-0.023,Faedi et al. 2011
3.10494,,2.1234,0.01,-0.01,JWST Transiting Exoplanet Community ERS Team 2022,0.14572,3.4E-4,-3.4E-4,JWST Transiting Exoplanet Community ERS Team 2022,1.2691,,,JWST Transiting Exoplanet Community ERS Team 2022,,,,0.895,0.023,-0.023,Faedi et al. 2011
3.11774,,2.108,0.0102,-0.0102,JWST Transiting Exoplanet Community ERS Team 2022,0.14519,3.5E-4,-3.5E-4,JWST Transiting Exoplanet Community ERS Team 2022,1.2645,,,JWST Transiting Exoplanet Community ERS Team 2022,,,,0.895,0.023,-0.023,Faedi et al. 2011
3.13049,,2.1272,0.0102,-0.0102,JWST Transiting Exoplanet Community ERS Team 2022,0.14585,3.5E-4,-3.5E-4,JWST Transiting Exoplanet Community ERS Team 2022,1.2703,,,JWST Transiting Exoplanet Community ERS Team 2022,,,,0.895,0.023,-0.023,Faedi et al. 2011
3.14319,,2.1298,0.0103,-0.0103,JWST Transiting Exoplanet Community ERS Team 2022,0.14594,3.5E-4,-3.5E-4,JWST Transiting Exoplanet Community ERS Team 2022,1.271,,,JWST Transiting Exoplanet Community ERS Team 2022,,,,0.895,0.023,-0.023,Faedi et al. 2011
3.15584,,2.1268,0.0105,-0.0105,JWST Transiting Exoplanet Community ERS Team 2022,0.14584,3.6E-4,-3.6E-4,JWST Transiting Exoplanet Community ERS Team 2022,1.2701,,,JWST Transiting Exoplanet Community ERS Team 2022,,,,0.895,0.023,-0.023,Faedi et al. 2011
3.16844,,2.1136,0.0105,-0.0105,JWST Transiting Exoplanet Community ERS Team 2022,0.14538,3.6E-4,-3.6E-4,JWST Transiting Exoplanet Community ERS Team 2022,1.2662,,,JWST Transiting Exoplanet Community ERS Team 2022,,,,0.895,0.023,-0.023,Faedi et al. 2011
3.18099,,2.1173,0.0106,-0.0106,JWST Transiting Exoplanet Community ERS Team 2022,0.14551,3.6E-4,-3.6E-4,JWST Transiting Exoplanet Community ERS Team 2022,1.2673,,,JWST Transiting Exoplanet Community ERS Team 2022,,,,0.895,0.023,-0.023,Faedi et al. 2011
3.19349,,2.1119,0.0106,-0.0106,JWST Transiting Exoplanet Community ERS Team 2022,0.14532,3.6E-4,-3.7E-4,JWST Transiting Exoplanet Community ERS Team 2022,1.2657,,,JWST Transiting Exoplanet Community ERS Team 2022,,,,0.895,0.023,-0.023,Faedi et al. 2011
3.20595,,2.1232,0.0107,-0.0107,JWST Transiting Exoplanet Community ERS Team 2022,0.14571,3.7E-4,-3.7E-4,JWST Transiting Exoplanet Community ERS Team 2022,1.2691,,,JWST Transiting Exoplanet Community ERS Team 2022,,,,0.895,0.023,-0.023,Faedi et al. 2011
3.21836,,2.1158,0.0108,-0.0108,JWST Transiting Exoplanet Community ERS Team 2022,0.14546,3.7E-4,-3.7E-4,JWST Transiting Exoplanet Community ERS Team 2022,1.2668,,,JWST Transiting Exoplanet Community ERS Team 2022,,,,0.895,0.023,-0.023,Faedi et al. 2011
3.23072,,2.117,0.0108,-0.0108,JWST Transiting Exoplanet Community ERS Team 2022,0.1455,3.7E-4,-3.7E-4,JWST Transiting Exoplanet Community ERS Team 2022,1.2672,,,JWST Transiting Exoplanet Community ERS Team 2022,,,,0.895,0.023,-0.023,Faedi et al. 2011
3.24303,,2.1062,0.0108,-0.0108,JWST Transiting Exoplanet Community ERS Team 2022,0.14513,3.7E-4,-3.7E-4,JWST Transiting Exoplanet Community ERS Team 2022,1.264,,,JWST Transiting Exoplanet Community ERS Team 2022,,,,0.895,0.023,-0.023,Faedi et al. 2011
3.25531,,2.1113,0.011,-0.011,JWST Transiting Exoplanet Community ERS Team 2022,0.1453,3.8E-4,-3.8E-4,JWST Transiting Exoplanet Community ERS Team 2022,1.2655,,,JWST Transiting Exoplanet Community ERS Team 2022,,,,0.895,0.023,-0.023,Faedi et al. 2011
3.26753,,2.0892,0.011,-0.011,JWST Transiting Exoplanet Community ERS Team 2022,0.14454,3.8E-4,-3.8E-4,JWST Transiting Exoplanet Community ERS Team 2022,1.2589,,,JWST Transiting Exoplanet Community ERS Team 2022,,,,0.895,0.023,-0.023,Faedi et al. 2011
3.27971,,2.0853,0.0112,-0.0112,JWST Transiting Exoplanet Community ERS Team 2022,0.14441,3.9E-4,-3.9E-4,JWST Transiting Exoplanet Community ERS Team 2022,1.2577,,,JWST Transiting Exoplanet Community ERS Team 2022,,,,0.895,0.023,-0.023,Faedi et al. 2011
3.29185,,2.0955,0.0113,-0.0113,JWST Transiting Exoplanet Community ERS Team 2022,0.14476,3.9E-4,-3.9E-4,JWST Transiting Exoplanet Community ERS Team 2022,1.2608,,,JWST Transiting Exoplanet Community ERS Team 2022,,,,0.895,0.023,-0.023,Faedi et al. 2011
3.30394,,2.089,0.0114,-0.0114,JWST Transiting Exoplanet Community ERS Team 2022,0.14453,3.9E-4,-3.9E-4,JWST Transiting Exoplanet Community ERS Team 2022,1.2588,,,JWST Transiting Exoplanet Community ERS Team 2022,,,,0.895,0.023,-0.023,Faedi et al. 2011
3.31599,,2.1062,0.0115,-0.0115,JWST Transiting Exoplanet Community ERS Team 2022,0.14513,4.0E-4,-4.0E-4,JWST Transiting Exoplanet Community ERS Team 2022,1.264,,,JWST Transiting Exoplanet Community ERS Team 2022,,,,0.895,0.023,-0.023,Faedi et al. 2011
3.32799,,2.1068,0.0116,-0.0116,JWST Transiting Exoplanet Community ERS Team 2022,0.14515,4.0E-4,-4.0E-4,JWST Transiting Exoplanet Community ERS Team 2022,1.2642,,,JWST Transiting Exoplanet Community ERS Team 2022,,,,0.895,0.023,-0.023,Faedi et al. 2011
3.33996,,2.1024,0.0117,-0.0117,JWST Transiting Exoplanet Community ERS Team 2022,0.145,4.0E-4,-4.0E-4,JWST Transiting Exoplanet Community ERS Team 2022,1.2628,,,JWST Transiting Exoplanet Community ERS Team 2022,,,,0.895,0.023,-0.023,Faedi et al. 2011
3.35188,,2.1158,0.012,-0.012,JWST Transiting Exoplanet Community ERS Team 2022,0.14546,4.1E-4,-4.1E-4,JWST Transiting Exoplanet Community ERS Team 2022,1.2668,,,JWST Transiting Exoplanet Community ERS Team 2022,,,,0.895,0.023,-0.023,Faedi et al. 2011
3.36376,,2.0942,0.012,-0.012,JWST Transiting Exoplanet Community ERS Team 2022,0.14471,4.1E-4,-4.2E-4,JWST Transiting Exoplanet Community ERS Team 2022,1.2604,,,JWST Transiting Exoplanet Community ERS Team 2022,,,,0.895,0.023,-0.023,Faedi et al. 2011
3.37559,,2.1049,0.0121,-0.0121,JWST Transiting Exoplanet Community ERS Team 2022,0.14508,4.2E-4,-4.2E-4,JWST Transiting Exoplanet Community ERS Team 2022,1.2636,,,JWST Transiting Exoplanet Community ERS Team 2022,,,,0.895,0.023,-0.023,Faedi et al. 2011
3.38739,,2.1057,0.0122,-0.0122,JWST Transiting Exoplanet Community ERS Team 2022,0.14511,4.2E-4,-4.2E-4,JWST Transiting Exoplanet Community ERS Team 2022,1.2638,,,JWST Transiting Exoplanet Community ERS Team 2022,,,,0.895,0.023,-0.023,Faedi et al. 2011
3.39915,,2.0984,0.0124,-0.0124,JWST Transiting Exoplanet Community ERS Team 2022,0.14486,4.3E-4,-4.3E-4,JWST Transiting Exoplanet Community ERS Team 2022,1.2616,,,JWST Transiting Exoplanet Community ERS Team 2022,,,,0.895,0.023,-0.023,Faedi et al. 2011
3.41086,,2.0951,0.0124,-0.0124,JWST Transiting Exoplanet Community ERS Team 2022,0.14474,4.3E-4,-4.3E-4,JWST Transiting Exoplanet Community ERS Team 2022,1.2606,,,JWST Transiting Exoplanet Community ERS Team 2022,,,,0.895,0.023,-0.023,Faedi et al. 2011
3.42253,,2.1151,0.0124,-0.0124,JWST Transiting Exoplanet Community ERS Team 2022,0.14543,4.3E-4,-4.3E-4,JWST Transiting Exoplanet Community ERS Team 2022,1.2666,,,JWST Transiting Exoplanet Community ERS Team 2022,,,,0.895,0.023,-0.023,Faedi et al. 2011
3.43417,,2.0978,0.0127,-0.0127,JWST Transiting Exoplanet Community ERS Team 2022,0.14484,4.4E-4,-4.4E-4,JWST Transiting Exoplanet Community ERS Team 2022,1.2614,,,JWST Transiting Exoplanet Community ERS Team 2022,,,,0.895,0.023,-0.023,Faedi et al. 2011
3.44577,,2.1047,0.0126,-0.0126,JWST Transiting Exoplanet Community ERS Team 2022,0.14508,4.3E-4,-4.3E-4,JWST Transiting Exoplanet Community ERS Team 2022,1.2635,,,JWST Transiting Exoplanet Community ERS Team 2022,,,,0.895,0.023,-0.023,Faedi et al. 2011
3.45732,,2.0922,0.0126,-0.0126,JWST Transiting Exoplanet Community ERS Team 2022,0.14464,4.3E-4,-4.4E-4,JWST Transiting Exoplanet Community ERS Team 2022,1.2598,,,JWST Transiting Exoplanet Community ERS Team 2022,,,,0.895,0.023,-0.023,Faedi et al. 2011
3.46884,,2.1006,0.0129,-0.0129,JWST Transiting Exoplanet Community ERS Team 2022,0.14493,4.4E-4,-4.5E-4,JWST Transiting Exoplanet Community ERS Team 2022,1.2623,,,JWST Transiting Exoplanet Community ERS Team 2022,,,,0.895,0.023,-0.023,Faedi et al. 2011
3.48032,,2.099,0.013,-0.013,JWST Transiting Exoplanet Community ERS Team 2022,0.14488,4.5E-4,-4.5E-4,JWST Transiting Exoplanet Community ERS Team 2022,1.2618,,,JWST Transiting Exoplanet Community ERS Team 2022,,,,0.895,0.023,-0.023,Faedi et al. 2011
3.49177,,2.1001,0.013,-0.013,JWST Transiting Exoplanet Community ERS Team 2022,0.14492,4.5E-4,-4.5E-4,JWST Transiting Exoplanet Community ERS Team 2022,1.2621,,,JWST Transiting Exoplanet Community ERS Team 2022,,,,0.895,0.023,-0.023,Faedi et al. 2011
3.50317,,2.0897,0.0132,-0.0132,JWST Transiting Exoplanet Community ERS Team 2022,0.14456,4.6E-4,-4.6E-4,JWST Transiting Exoplanet Community ERS Team 2022,1.259,,,JWST Transiting Exoplanet Community ERS Team 2022,,,,0.895,0.023,-0.023,Faedi et al. 2011
3.51454,,2.0915,0.0133,-0.0133,JWST Transiting Exoplanet Community ERS Team 2022,0.14462,4.6E-4,-4.6E-4,JWST Transiting Exoplanet Community ERS Team 2022,1.2596,,,JWST Transiting Exoplanet Community ERS Team 2022,,,,0.895,0.023,-0.023,Faedi et al. 2011
3.52587,,2.1161,0.0132,-0.0132,JWST Transiting Exoplanet Community ERS Team 2022,0.14547,4.5E-4,-4.5E-4,JWST Transiting Exoplanet Community ERS Team 2022,1.2669,,,JWST Transiting Exoplanet Community ERS Team 2022,,,,0.895,0.023,-0.023,Faedi et al. 2011
3.53716,,2.0971,0.0136,-0.0136,JWST Transiting Exoplanet Community ERS Team 2022,0.14481,4.7E-4,-4.7E-4,JWST Transiting Exoplanet Community ERS Team 2022,1.2612,,,JWST Transiting Exoplanet Community ERS Team 2022,,,,0.895,0.023,-0.023,Faedi et al. 2011
3.54842,,2.0978,0.0135,-0.0135,JWST Transiting Exoplanet Community ERS Team 2022,0.14484,4.7E-4,-4.7E-4,JWST Transiting Exoplanet Community ERS Team 2022,1.2614,,,JWST Transiting Exoplanet Community ERS Team 2022,,,,0.895,0.023,-0.023,Faedi et al. 2011
3.55964,,2.098,0.0137,-0.0137,JWST Transiting Exoplanet Community ERS Team 2022,0.14484,4.7E-4,-4.7E-4,JWST Transiting Exoplanet Community ERS Team 2022,1.2615,,,JWST Transiting Exoplanet Community ERS Team 2022,,,,0.895,0.023,-0.023,Faedi et al. 2011
3.57083,,2.1091,0.0139,-0.0139,JWST Transiting Exoplanet Community ERS Team 2022,0.14523,4.8E-4,-4.8E-4,JWST Transiting Exoplanet Community ERS Team 2022,1.2648,,,JWST Transiting Exoplanet Community ERS Team 2022,,,,0.895,0.023,-0.023,Faedi et al. 2011
3.58198,,2.1097,0.0139,-0.0139,JWST Transiting Exoplanet Community ERS Team 2022,0.14525,4.8E-4,-4.8E-4,JWST Transiting Exoplanet Community ERS Team 2022,1.265,,,JWST Transiting Exoplanet Community ERS Team 2022,,,,0.895,0.023,-0.023,Faedi et al. 2011
3.5931,,2.11,0.0141,-0.0141,JWST Transiting Exoplanet Community ERS Team 2022,0.14526,4.8E-4,-4.9E-4,JWST Transiting Exoplanet Community ERS Team 2022,1.2651,,,JWST Transiting Exoplanet Community ERS Team 2022,,,,0.895,0.023,-0.023,Faedi et al. 2011
3.60418,,2.0997,0.0145,-0.0145,JWST Transiting Exoplanet Community ERS Team 2022,0.1449,5.0E-4,-5.0E-4,JWST Transiting Exoplanet Community ERS Team 2022,1.262,,,JWST Transiting Exoplanet Community ERS Team 2022,,,,0.895,0.023,-0.023,Faedi et al. 2011
3.61523,,2.1046,0.0143,-0.0143,JWST Transiting Exoplanet Community ERS Team 2022,0.14507,4.9E-4,-4.9E-4,JWST Transiting Exoplanet Community ERS Team 2022,1.2635,,,JWST Transiting Exoplanet Community ERS Team 2022,,,,0.895,0.023,-0.023,Faedi et al. 2011
3.62624,,2.1013,0.0144,-0.0144,JWST Transiting Exoplanet Community ERS Team 2022,0.14496,5.0E-4,-5.0E-4,JWST Transiting Exoplanet Community ERS Team 2022,1.2625,,,JWST Transiting Exoplanet Community ERS Team 2022,,,,0.895,0.023,-0.023,Faedi et al. 2011
3.63722,,2.1165,0.0146,-0.0146,JWST Transiting Exoplanet Community ERS Team 2022,0.14548,5.0E-4,-5.0E-4,JWST Transiting Exoplanet Community ERS Team 2022,1.2671,,,JWST Transiting Exoplanet Community ERS Team 2022,,,,0.895,0.023,-0.023,Faedi et al. 2011
3.64816,,2.1113,0.0147,-0.0147,JWST Transiting Exoplanet Community ERS Team 2022,0.1453,5.0E-4,-5.1E-4,JWST Transiting Exoplanet Community ERS Team 2022,1.2655,,,JWST Transiting Exoplanet Community ERS Team 2022,,,,0.895,0.023,-0.023,Faedi et al. 2011
3.65908,,2.1046,0.0149,-0.0149,JWST Transiting Exoplanet Community ERS Team 2022,0.14507,5.1E-4,-5.1E-4,JWST Transiting Exoplanet Community ERS Team 2022,1.2635,,,JWST Transiting Exoplanet Community ERS Team 2022,,,,0.895,0.023,-0.023,Faedi et al. 2011
3.66995,,2.1285,0.0149,-0.0149,JWST Transiting Exoplanet Community ERS Team 2022,0.14589,5.1E-4,-5.1E-4,JWST Transiting Exoplanet Community ERS Team 2022,1.2706,,,JWST Transiting Exoplanet Community ERS Team 2022,,,,0.895,0.023,-0.023,Faedi et al. 2011
3.6808,,2.1137,0.0152,-0.0152,JWST Transiting Exoplanet Community ERS Team 2022,0.14539,5.2E-4,-5.2E-4,JWST Transiting Exoplanet Community ERS Team 2022,1.2662,,,JWST Transiting Exoplanet Community ERS Team 2022,,,,0.895,0.023,-0.023,Faedi et al. 2011
3.69161,,2.089,0.0153,-0.0153,JWST Transiting Exoplanet Community ERS Team 2022,0.14453,5.3E-4,-5.3E-4,JWST Transiting Exoplanet Community ERS Team 2022,1.2588,,,JWST Transiting Exoplanet Community ERS Team 2022,,,,0.895,0.023,-0.023,Faedi et al. 2011
3.70239,,2.0767,0.0153,-0.0153,JWST Transiting Exoplanet Community ERS Team 2022,0.14411,5.3E-4,-5.3E-4,JWST Transiting Exoplanet Community ERS Team 2022,1.2551,,,JWST Transiting Exoplanet Community ERS Team 2022,,,,0.895,0.023,-0.023,Faedi et al. 2011
3.71314,,2.0786,0.0154,-0.0154,JWST Transiting Exoplanet Community ERS Team 2022,0.14417,5.3E-4,-5.4E-4,JWST Transiting Exoplanet Community ERS Team 2022,1.2557,,,JWST Transiting Exoplanet Community ERS Team 2022,,,,0.895,0.023,-0.023,Faedi et al. 2011
3.72386,,2.104,0.0156,-0.0156,JWST Transiting Exoplanet Community ERS Team 2022,0.14505,5.4E-4,-5.4E-4,JWST Transiting Exoplanet Community ERS Team 2022,1.2633,,,JWST Transiting Exoplanet Community ERS Team 2022,,,,0.895,0.023,-0.023,Faedi et al. 2011
3.73455,,2.0884,0.0158,-0.0158,JWST Transiting Exoplanet Community ERS Team 2022,0.14451,5.5E-4,-5.5E-4,JWST Transiting Exoplanet Community ERS Team 2022,1.2586,,,JWST Transiting Exoplanet Community ERS Team 2022,,,,0.895,0.023,-0.023,Faedi et al. 2011
3.7452,,2.1098,0.0161,-0.0161,JWST Transiting Exoplanet Community ERS Team 2022,0.14525,5.5E-4,-5.6E-4,JWST Transiting Exoplanet Community ERS Team 2022,1.2651,,,JWST Transiting Exoplanet Community ERS Team 2022,,,,0.895,0.023,-0.023,Faedi et al. 2011
3.75583,,2.0894,0.0161,-0.0161,JWST Transiting Exoplanet Community ERS Team 2022,0.14455,5.6E-4,-5.6E-4,JWST Transiting Exoplanet Community ERS Team 2022,1.2589,,,JWST Transiting Exoplanet Community ERS Team 2022,,,,0.895,0.023,-0.023,Faedi et al. 2011
3.76642,,2.101,0.016,-0.016,JWST Transiting Exoplanet Community ERS Team 2022,0.14495,5.5E-4,-5.5E-4,JWST Transiting Exoplanet Community ERS Team 2022,1.2624,,,JWST Transiting Exoplanet Community ERS Team 2022,,,,0.895,0.023,-0.023,Faedi et al. 2011
3.77698,,2.0897,0.0162,-0.0162,JWST Transiting Exoplanet Community ERS Team 2022,0.14456,5.6E-4,-5.6E-4,JWST Transiting Exoplanet Community ERS Team 2022,1.259,,,JWST Transiting Exoplanet Community ERS Team 2022,,,,0.895,0.023,-0.023,Faedi et al. 2011
3.78752,,2.0707,0.0163,-0.0163,JWST Transiting Exoplanet Community ERS Team 2022,0.1439,5.7E-4,-5.7E-4,JWST Transiting Exoplanet Community ERS Team 2022,1.2533,,,JWST Transiting Exoplanet Community ERS Team 2022,,,,0.895,0.023,-0.023,Faedi et al. 2011
3.79802,,2.1015,0.0166,-0.0166,JWST Transiting Exoplanet Community ERS Team 2022,0.14497,5.7E-4,-5.7E-4,JWST Transiting Exoplanet Community ERS Team 2022,1.2626,,,JWST Transiting Exoplanet Community ERS Team 2022,,,,0.895,0.023,-0.023,Faedi et al. 2011
3.80849,,2.1124,0.0167,-0.0167,JWST Transiting Exoplanet Community ERS Team 2022,0.14534,5.7E-4,-5.8E-4,JWST Transiting Exoplanet Community ERS Team 2022,1.2658,,,JWST Transiting Exoplanet Community ERS Team 2022,,,,0.895,0.023,-0.023,Faedi et al. 2011
3.81893,,2.1026,0.0169,-0.0169,JWST Transiting Exoplanet Community ERS Team 2022,0.145,5.8E-4,-5.8E-4,JWST Transiting Exoplanet Community ERS Team 2022,1.2629,,,JWST Transiting Exoplanet Community ERS Team 2022,,,,0.895,0.023,-0.023,Faedi et al. 2011
3.82935,,2.087,0.0175,-0.0175,JWST Transiting Exoplanet Community ERS Team 2022,0.14446,6.0E-4,-6.1E-4,JWST Transiting Exoplanet Community ERS Team 2022,1.2582,,,JWST Transiting Exoplanet Community ERS Team 2022,,,,0.895,0.023,-0.023,Faedi et al. 2011
3.83973,,2.0814,0.0172,-0.0172,JWST Transiting Exoplanet Community ERS Team 2022,0.14427,5.9E-4,-6.0E-4,JWST Transiting Exoplanet Community ERS Team 2022,1.2565,,,JWST Transiting Exoplanet Community ERS Team 2022,,,,0.895,0.023,-0.023,Faedi et al. 2011
3.85009,,2.0932,0.0174,-0.0174,JWST Transiting Exoplanet Community ERS Team 2022,0.14468,6.0E-4,-6.0E-4,JWST Transiting Exoplanet Community ERS Team 2022,1.2601,,,JWST Transiting Exoplanet Community ERS Team 2022,,,,0.895,0.023,-0.023,Faedi et al. 2011
3.86042,,2.0797,0.0175,-0.0175,JWST Transiting Exoplanet Community ERS Team 2022,0.14421,6.1E-4,-6.1E-4,JWST Transiting Exoplanet Community ERS Team 2022,1.256,,,JWST Transiting Exoplanet Community ERS Team 2022,,,,0.895,0.023,-0.023,Faedi et al. 2011
3.87071,,2.1053,0.0178,-0.0178,JWST Transiting Exoplanet Community ERS Team 2022,0.1451,6.1E-4,-6.1E-4,JWST Transiting Exoplanet Community ERS Team 2022,1.2637,,,JWST Transiting Exoplanet Community ERS Team 2022,,,,0.895,0.023,-0.023,Faedi et al. 2011
3.88098,,2.0835,0.0179,-0.0179,JWST Transiting Exoplanet Community ERS Team 2022,0.14434,6.2E-4,-6.2E-4,JWST Transiting Exoplanet Community ERS Team 2022,1.2571,,,JWST Transiting Exoplanet Community ERS Team 2022,,,,0.895,0.023,-0.023,Faedi et al. 2011
3.89123,,2.0825,0.0181,-0.0181,JWST Transiting Exoplanet Community ERS Team 2022,0.14431,6.3E-4,-6.3E-4,JWST Transiting Exoplanet Community ERS Team 2022,1.2568,,,JWST Transiting Exoplanet Community ERS Team 2022,,,,0.895,0.023,-0.023,Faedi et al. 2011
3.90144,,2.0912,0.0182,-0.0182,JWST Transiting Exoplanet Community ERS Team 2022,0.14461,6.3E-4,-6.3E-4,JWST Transiting Exoplanet Community ERS Team 2022,1.2595,,,JWST Transiting Exoplanet Community ERS Team 2022,,,,0.895,0.023,-0.023,Faedi et al. 2011
3.91163,,2.0835,0.0184,-0.0184,JWST Transiting Exoplanet Community ERS Team 2022,0.14434,6.4E-4,-6.4E-4,JWST Transiting Exoplanet Community ERS Team 2022,1.2571,,,JWST Transiting Exoplanet Community ERS Team 2022,,,,0.895,0.023,-0.023,Faedi et al. 2011
3.92179,,2.091,0.0188,-0.0188,JWST Transiting Exoplanet Community ERS Team 2022,0.1446,6.5E-4,-6.5E-4,JWST Transiting Exoplanet Community ERS Team 2022,1.2594,,,JWST Transiting Exoplanet Community ERS Team 2022,,,,0.895,0.023,-0.023,Faedi et al. 2011
3.93192,,2.0956,0.0191,-0.0191,JWST Transiting Exoplanet Community ERS Team 2022,0.14476,6.6E-4,-6.6E-4,JWST Transiting Exoplanet Community ERS Team 2022,1.2608,,,JWST Transiting Exoplanet Community ERS Team 2022,,,,0.895,0.023,-0.023,Faedi et al. 2011
3.94202,,2.0727,0.0196,-0.0196,JWST Transiting Exoplanet Community ERS Team 2022,0.14397,6.8E-4,-6.8E-4,JWST Transiting Exoplanet Community ERS Team 2022,1.2539,,,JWST Transiting Exoplanet Community ERS Team 2022,,,,0.895,0.023,-0.023,Faedi et al. 2011
3.9521,,2.125,0.0196,-0.0196,JWST Transiting Exoplanet Community ERS Team 2022,0.14577,6.7E-4,-6.7E-4,JWST Transiting Exoplanet Community ERS Team 2022,1.2696,,,JWST Transiting Exoplanet Community ERS Team 2022,,,,0.895,0.023,-0.023,Faedi et al. 2011
3.96215,,2.0999,0.0195,-0.0195,JWST Transiting Exoplanet Community ERS Team 2022,0.14491,6.7E-4,-6.7E-4,JWST Transiting Exoplanet Community ERS Team 2022,1.2621,,,JWST Transiting Exoplanet Community ERS Team 2022,,,,0.895,0.023,-0.023,Faedi et al. 2011
3.97218,,2.1241,0.0195,-0.0195,JWST Transiting Exoplanet Community ERS Team 2022,0.14574,6.7E-4,-6.7E-4,JWST Transiting Exoplanet Community ERS Team 2022,1.2693,,,JWST Transiting Exoplanet Community ERS Team 2022,,,,0.895,0.023,-0.023,Faedi et al. 2011
3.98218,,2.1109,0.0193,-0.0193,JWST Transiting Exoplanet Community ERS Team 2022,0.14529,6.6E-4,-6.7E-4,JWST Transiting Exoplanet Community ERS Team 2022,1.2654,,,JWST Transiting Exoplanet Community ERS Team 2022,,,,0.895,0.023,-0.023,Faedi et al. 2011
3.99215,,2.123,0.0195,-0.0195,JWST Transiting Exoplanet Community ERS Team 2022,0.14571,6.7E-4,-6.7E-4,JWST Transiting Exoplanet Community ERS Team 2022,1.269,,,JWST Transiting Exoplanet Community ERS Team 2022,,,,0.895,0.023,-0.023,Faedi et al. 2011
4.0021,,2.1451,0.0197,-0.0197,JWST Transiting Exoplanet Community ERS Team 2022,0.14646,6.7E-4,-6.7E-4,JWST Transiting Exoplanet Community ERS Team 2022,1.2756,,,JWST Transiting Exoplanet Community ERS Team 2022,,,,0.895,0.023,-0.023,Faedi et al. 2011
4.01202,,2.1302,0.0201,-0.0201,JWST Transiting Exoplanet Community ERS Team 2022,0.14595,6.9E-4,-6.9E-4,JWST Transiting Exoplanet Community ERS Team 2022,1.2712,,,JWST Transiting Exoplanet Community ERS Team 2022,,,,0.895,0.023,-0.023,Faedi et al. 2011
4.02191,,2.1317,0.02,-0.02,JWST Transiting Exoplanet Community ERS Team 2022,0.146,6.8E-4,-6.9E-4,JWST Transiting Exoplanet Community ERS Team 2022,1.2716,,,JWST Transiting Exoplanet Community ERS Team 2022,,,,0.895,0.023,-0.023,Faedi et al. 2011
4.03178,,2.1409,0.0201,-0.0201,JWST Transiting Exoplanet Community ERS Team 2022,0.14632,6.9E-4,-6.9E-4,JWST Transiting Exoplanet Community ERS Team 2022,1.2743,,,JWST Transiting Exoplanet Community ERS Team 2022,,,,0.895,0.023,-0.023,Faedi et al. 2011
4.04163,,2.1305,0.0202,-0.0202,JWST Transiting Exoplanet Community ERS Team 2022,0.14596,6.9E-4,-6.9E-4,JWST Transiting Exoplanet Community ERS Team 2022,1.2712,,,JWST Transiting Exoplanet Community ERS Team 2022,,,,0.895,0.023,-0.023,Faedi et al. 2011
4.05145,,2.1529,0.0207,-0.0207,JWST Transiting Exoplanet Community ERS Team 2022,0.14673,7.0E-4,-7.1E-4,JWST Transiting Exoplanet Community ERS Team 2022,1.2779,,,JWST Transiting Exoplanet Community ERS Team 2022,,,,0.895,0.023,-0.023,Faedi et al. 2011
4.06124,,2.1183,0.0206,-0.0206,JWST Transiting Exoplanet Community ERS Team 2022,0.14554,7.1E-4,-7.1E-4,JWST Transiting Exoplanet Community ERS Team 2022,1.2676,,,JWST Transiting Exoplanet Community ERS Team 2022,,,,0.895,0.023,-0.023,Faedi et al. 2011
4.07102,,2.1146,0.0204,-0.0204,JWST Transiting Exoplanet Community ERS Team 2022,0.14542,7.0E-4,-7.0E-4,JWST Transiting Exoplanet Community ERS Team 2022,1.2665,,,JWST Transiting Exoplanet Community ERS Team 2022,,,,0.895,0.023,-0.023,Faedi et al. 2011
4.08076,,2.1243,0.0209,-0.0209,JWST Transiting Exoplanet Community ERS Team 2022,0.14575,7.2E-4,-7.2E-4,JWST Transiting Exoplanet Community ERS Team 2022,1.2694,,,JWST Transiting Exoplanet Community ERS Team 2022,,,,0.895,0.023,-0.023,Faedi et al. 2011
4.09048,,2.101,0.0215,-0.0215,JWST Transiting Exoplanet Community ERS Team 2022,0.14495,7.4E-4,-7.4E-4,JWST Transiting Exoplanet Community ERS Team 2022,1.2624,,,JWST Transiting Exoplanet Community ERS Team 2022,,,,0.895,0.023,-0.023,Faedi et al. 2011
4.10018,,2.0789,0.0219,-0.0219,JWST Transiting Exoplanet Community ERS Team 2022,0.14418,7.6E-4,-7.6E-4,JWST Transiting Exoplanet Community ERS Team 2022,1.2558,,,JWST Transiting Exoplanet Community ERS Team 2022,,,,0.895,0.023,-0.023,Faedi et al. 2011
4.10985,,2.0969,0.0219,-0.0219,JWST Transiting Exoplanet Community ERS Team 2022,0.14481,7.5E-4,-7.6E-4,JWST Transiting Exoplanet Community ERS Team 2022,1.2612,,,JWST Transiting Exoplanet Community ERS Team 2022,,,,0.895,0.023,-0.023,Faedi et al. 2011
4.1195,,2.1007,0.0218,-0.0218,JWST Transiting Exoplanet Community ERS Team 2022,0.14494,7.5E-4,-7.5E-4,JWST Transiting Exoplanet Community ERS Team 2022,1.2623,,,JWST Transiting Exoplanet Community ERS Team 2022,,,,0.895,0.023,-0.023,Faedi et al. 2011
4.12913,,2.1001,0.0217,-0.0217,JWST Transiting Exoplanet Community ERS Team 2022,0.14492,7.5E-4,-7.5E-4,JWST Transiting Exoplanet Community ERS Team 2022,1.2621,,,JWST Transiting Exoplanet Community ERS Team 2022,,,,0.895,0.023,-0.023,Faedi et al. 2011
4.13873,,2.102,0.0218,-0.0218,JWST Transiting Exoplanet Community ERS Team 2022,0.14498,7.5E-4,-7.5E-4,JWST Transiting Exoplanet Community ERS Team 2022,1.2627,,,JWST Transiting Exoplanet Community ERS Team 2022,,,,0.895,0.023,-0.023,Faedi et al. 2011
4.14831,,2.1324,0.0217,-0.0217,JWST Transiting Exoplanet Community ERS Team 2022,0.14603,7.4E-4,-7.4E-4,JWST Transiting Exoplanet Community ERS Team 2022,1.2718,,,JWST Transiting Exoplanet Community ERS Team 2022,,,,0.895,0.023,-0.023,Faedi et al. 2011
4.15787,,2.1389,0.0218,-0.0218,JWST Transiting Exoplanet Community ERS Team 2022,0.14625,7.4E-4,-7.5E-4,JWST Transiting Exoplanet Community ERS Team 2022,1.2737,,,JWST Transiting Exoplanet Community ERS Team 2022,,,,0.895,0.023,-0.023,Faedi et al. 2011
4.1674,,2.1248,0.022,-0.022,JWST Transiting Exoplanet Community ERS Team 2022,0.14577,7.5E-4,-7.6E-4,JWST Transiting Exoplanet Community ERS Team 2022,1.2695,,,JWST Transiting Exoplanet Community ERS Team 2022,,,,0.895,0.023,-0.023,Faedi et al. 2011
4.17691,,2.1166,0.0221,-0.0221,JWST Transiting Exoplanet Community ERS Team 2022,0.14549,7.6E-4,-7.6E-4,JWST Transiting Exoplanet Community ERS Team 2022,1.2671,,,JWST Transiting Exoplanet Community ERS Team 2022,,,,0.895,0.023,-0.023,Faedi et al. 2011
4.1864,,2.1369,0.022,-0.022,JWST Transiting Exoplanet Community ERS Team 2022,0.14618,7.5E-4,-7.5E-4,JWST Transiting Exoplanet Community ERS Team 2022,1.2732,,,JWST Transiting Exoplanet Community ERS Team 2022,,,,0.895,0.023,-0.023,Faedi et al. 2011
4.19586,,2.1271,0.0224,-0.0224,JWST Transiting Exoplanet Community ERS Team 2022,0.14585,7.7E-4,-7.7E-4,JWST Transiting Exoplanet Community ERS Team 2022,1.2702,,,JWST Transiting Exoplanet Community ERS Team 2022,,,,0.895,0.023,-0.023,Faedi et al. 2011
4.2053,,2.1793,0.0227,-0.0227,JWST Transiting Exoplanet Community ERS Team 2022,0.14762,7.7E-4,-7.7E-4,JWST Transiting Exoplanet Community ERS Team 2022,1.2857,,,JWST Transiting Exoplanet Community ERS Team 2022,,,,0.895,0.023,-0.023,Faedi et al. 2011
4.21472,,2.1989,0.0226,-0.0226,JWST Transiting Exoplanet Community ERS Team 2022,0.14829,7.6E-4,-7.6E-4,JWST Transiting Exoplanet Community ERS Team 2022,1.2915,,,JWST Transiting Exoplanet Community ERS Team 2022,,,,0.895,0.023,-0.023,Faedi et al. 2011
4.22412,,2.1979,0.0228,-0.0228,JWST Transiting Exoplanet Community ERS Team 2022,0.14825,7.7E-4,-7.7E-4,JWST Transiting Exoplanet Community ERS Team 2022,1.2912,,,JWST Transiting Exoplanet Community ERS Team 2022,,,,0.895,0.023,-0.023,Faedi et al. 2011
4.23349,,2.21,0.0228,-0.0228,JWST Transiting Exoplanet Community ERS Team 2022,0.14866,7.6E-4,-7.7E-4,JWST Transiting Exoplanet Community ERS Team 2022,1.2947,,,JWST Transiting Exoplanet Community ERS Team 2022,,,,0.895,0.023,-0.023,Faedi et al. 2011
4.24285,,2.1971,0.0231,-0.0231,JWST Transiting Exoplanet Community ERS Team 2022,0.14823,7.8E-4,-7.8E-4,JWST Transiting Exoplanet Community ERS Team 2022,1.291,,,JWST Transiting Exoplanet Community ERS Team 2022,,,,0.895,0.023,-0.023,Faedi et al. 2011
4.25218,,2.2242,0.0232,-0.0232,JWST Transiting Exoplanet Community ERS Team 2022,0.14914,7.8E-4,-7.8E-4,JWST Transiting Exoplanet Community ERS Team 2022,1.2989,,,JWST Transiting Exoplanet Community ERS Team 2022,,,,0.895,0.023,-0.023,Faedi et al. 2011
4.26149,,2.2576,0.0237,-0.0237,JWST Transiting Exoplanet Community ERS Team 2022,0.15025,7.9E-4,-7.9E-4,JWST Transiting Exoplanet Community ERS Team 2022,1.3086,,,JWST Transiting Exoplanet Community ERS Team 2022,,,,0.895,0.023,-0.023,Faedi et al. 2011
4.27078,,2.2485,0.0239,-0.0239,JWST Transiting Exoplanet Community ERS Team 2022,0.14995,7.9E-4,-8.0E-4,JWST Transiting Exoplanet Community ERS Team 2022,1.306,,,JWST Transiting Exoplanet Community ERS Team 2022,,,,0.895,0.023,-0.023,Faedi et al. 2011
4.28005,,2.2345,0.0233,-0.0233,JWST Transiting Exoplanet Community ERS Team 2022,0.14948,7.8E-4,-7.8E-4,JWST Transiting Exoplanet Community ERS Team 2022,1.3019,,,JWST Transiting Exoplanet Community ERS Team 2022,,,,0.895,0.023,-0.023,Faedi et al. 2011
4.28929,,2.2532,0.0237,-0.0237,JWST Transiting Exoplanet Community ERS Team 2022,0.15011,7.9E-4,-7.9E-4,JWST Transiting Exoplanet Community ERS Team 2022,1.3073,,,JWST Transiting Exoplanet Community ERS Team 2022,,,,0.895,0.023,-0.023,Faedi et al. 2011
4.29852,,2.2446,0.0239,-0.0239,JWST Transiting Exoplanet Community ERS Team 2022,0.14982,8.0E-4,-8.0E-4,JWST Transiting Exoplanet Community ERS Team 2022,1.3048,,,JWST Transiting Exoplanet Community ERS Team 2022,,,,0.895,0.023,-0.023,Faedi et al. 2011
4.30772,,2.2535,0.0242,-0.0242,JWST Transiting Exoplanet Community ERS Team 2022,0.15012,8.0E-4,-8.1E-4,JWST Transiting Exoplanet Community ERS Team 2022,1.3074,,,JWST Transiting Exoplanet Community ERS Team 2022,,,,0.895,0.023,-0.023,Faedi et al. 2011
4.3169,,2.252,0.024,-0.024,JWST Transiting Exoplanet Community ERS Team 2022,0.15007,8.0E-4,-8.0E-4,JWST Transiting Exoplanet Community ERS Team 2022,1.307,,,JWST Transiting Exoplanet Community ERS Team 2022,,,,0.895,0.023,-0.023,Faedi et al. 2011
4.32607,,2.2389,0.0243,-0.0243,JWST Transiting Exoplanet Community ERS Team 2022,0.14963,8.1E-4,-8.1E-4,JWST Transiting Exoplanet Community ERS Team 2022,1.3032,,,JWST Transiting Exoplanet Community ERS Team 2022,,,,0.895,0.023,-0.023,Faedi et al. 2011
4.33521,,2.2648,0.0243,-0.0243,JWST Transiting Exoplanet Community ERS Team 2022,0.15049,8.1E-4,-8.1E-4,JWST Transiting Exoplanet Community ERS Team 2022,1.3107,,,JWST Transiting Exoplanet Community ERS Team 2022,,,,0.895,0.023,-0.023,Faedi et al. 2011
4.34433,,2.2805,0.025,-0.025,JWST Transiting Exoplanet Community ERS Team 2022,0.15101,8.3E-4,-8.3E-4,JWST Transiting Exoplanet Community ERS Team 2022,1.3152,,,JWST Transiting Exoplanet Community ERS Team 2022,,,,0.895,0.023,-0.023,Faedi et al. 2011
4.35343,,2.2684,0.0249,-0.0249,JWST Transiting Exoplanet Community ERS Team 2022,0.15061,8.2E-4,-8.3E-4,JWST Transiting Exoplanet Community ERS Team 2022,1.3117,,,JWST Transiting Exoplanet Community ERS Team 2022,,,,0.895,0.023,-0.023,Faedi et al. 2011
4.36251,,2.2785,0.0252,-0.0252,JWST Transiting Exoplanet Community ERS Team 2022,0.15095,8.3E-4,-8.4E-4,JWST Transiting Exoplanet Community ERS Team 2022,1.3147,,,JWST Transiting Exoplanet Community ERS Team 2022,,,,0.895,0.023,-0.023,Faedi et al. 2011
4.37157,,2.2369,0.0253,-0.0253,JWST Transiting Exoplanet Community ERS Team 2022,0.14956,8.4E-4,-8.5E-4,JWST Transiting Exoplanet Community ERS Team 2022,1.3026,,,JWST Transiting Exoplanet Community ERS Team 2022,,,,0.895,0.023,-0.023,Faedi et al. 2011
4.38061,,2.2635,0.0251,-0.0251,JWST Transiting Exoplanet Community ERS Team 2022,0.15045,8.3E-4,-8.4E-4,JWST Transiting Exoplanet Community ERS Team 2022,1.3103,,,JWST Transiting Exoplanet Community ERS Team 2022,,,,0.895,0.023,-0.023,Faedi et al. 2011
4.38963,,2.2753,0.0257,-0.0257,JWST Transiting Exoplanet Community ERS Team 2022,0.15084,8.5E-4,-8.5E-4,JWST Transiting Exoplanet Community ERS Team 2022,1.3137,,,JWST Transiting Exoplanet Community ERS Team 2022,,,,0.895,0.023,-0.023,Faedi et al. 2011
4.39863,,2.2703,0.0262,-0.0262,JWST Transiting Exoplanet Community ERS Team 2022,0.15068,8.7E-4,-8.7E-4,JWST Transiting Exoplanet Community ERS Team 2022,1.3123,,,JWST Transiting Exoplanet Community ERS Team 2022,,,,0.895,0.023,-0.023,Faedi et al. 2011
4.40761,,2.2607,0.0263,-0.0263,JWST Transiting Exoplanet Community ERS Team 2022,0.15036,8.7E-4,-8.8E-4,JWST Transiting Exoplanet Community ERS Team 2022,1.3095,,,JWST Transiting Exoplanet Community ERS Team 2022,,,,0.895,0.023,-0.023,Faedi et al. 2011
4.41658,,2.271,0.0259,-0.0259,JWST Transiting Exoplanet Community ERS Team 2022,0.1507,8.6E-4,-8.6E-4,JWST Transiting Exoplanet Community ERS Team 2022,1.3125,,,JWST Transiting Exoplanet Community ERS Team 2022,,,,0.895,0.023,-0.023,Faedi et al. 2011
4.42552,,2.2612,0.0261,-0.0261,JWST Transiting Exoplanet Community ERS Team 2022,0.15037,8.7E-4,-8.7E-4,JWST Transiting Exoplanet Community ERS Team 2022,1.3097,,,JWST Transiting Exoplanet Community ERS Team 2022,,,,0.895,0.023,-0.023,Faedi et al. 2011
4.43444,,2.2384,0.0261,-0.0261,JWST Transiting Exoplanet Community ERS Team 2022,0.14961,8.7E-4,-8.7E-4,JWST Transiting Exoplanet Community ERS Team 2022,1.303,,,JWST Transiting Exoplanet Community ERS Team 2022,,,,0.895,0.023,-0.023,Faedi et al. 2011
4.44335,,2.2227,0.0262,-0.0262,JWST Transiting Exoplanet Community ERS Team 2022,0.14909,8.8E-4,-8.8E-4,JWST Transiting Exoplanet Community ERS Team 2022,1.2985,,,JWST Transiting Exoplanet Community ERS Team 2022,,,,0.895,0.023,-0.023,Faedi et al. 2011
4.45223,,2.2009,0.0264,-0.0264,JWST Transiting Exoplanet Community ERS Team 2022,0.14835,8.9E-4,-8.9E-4,JWST Transiting Exoplanet Community ERS Team 2022,1.2921,,,JWST Transiting Exoplanet Community ERS Team 2022,,,,0.895,0.023,-0.023,Faedi et al. 2011
4.4611,,2.1713,0.0268,-0.0268,JWST Transiting Exoplanet Community ERS Team 2022,0.14735,9.1E-4,-9.1E-4,JWST Transiting Exoplanet Community ERS Team 2022,1.2834,,,JWST Transiting Exoplanet Community ERS Team 2022,,,,0.895,0.023,-0.023,Faedi et al. 2011
4.46995,,2.2065,0.0275,-0.0275,JWST Transiting Exoplanet Community ERS Team 2022,0.14854,9.2E-4,-9.3E-4,JWST Transiting Exoplanet Community ERS Team 2022,1.2937,,,JWST Transiting Exoplanet Community ERS Team 2022,,,,0.895,0.023,-0.023,Faedi et al. 2011
4.47877,,2.2302,0.0267,-0.0267,JWST Transiting Exoplanet Community ERS Team 2022,0.14934,8.9E-4,-9.0E-4,JWST Transiting Exoplanet Community ERS Team 2022,1.3006,,,JWST Transiting Exoplanet Community ERS Team 2022,,,,0.895,0.023,-0.023,Faedi et al. 2011
4.48758,,2.2225,0.0266,-0.0266,JWST Transiting Exoplanet Community ERS Team 2022,0.14908,8.9E-4,-8.9E-4,JWST Transiting Exoplanet Community ERS Team 2022,1.2984,,,JWST Transiting Exoplanet Community ERS Team 2022,,,,0.895,0.023,-0.023,Faedi et al. 2011
4.49637,,2.2084,0.0267,-0.0267,JWST Transiting Exoplanet Community ERS Team 2022,0.14861,9.0E-4,-9.0E-4,JWST Transiting Exoplanet Community ERS Team 2022,1.2943,,,JWST Transiting Exoplanet Community ERS Team 2022,,,,0.895,0.023,-0.023,Faedi et al. 2011
4.50515,,2.152,0.0269,-0.0269,JWST Transiting Exoplanet Community ERS Team 2022,0.1467,9.1E-4,-9.2E-4,JWST Transiting Exoplanet Community ERS Team 2022,1.2776,,,JWST Transiting Exoplanet Community ERS Team 2022,,,,0.895,0.023,-0.023,Faedi et al. 2011
4.5139,,2.2035,0.0275,-0.0275,JWST Transiting Exoplanet Community ERS Team 2022,0.14844,9.2E-4,-9.3E-4,JWST Transiting Exoplanet Community ERS Team 2022,1.2928,,,JWST Transiting Exoplanet Community ERS Team 2022,,,,0.895,0.023,-0.023,Faedi et al. 2011
4.52264,,2.1699,0.0278,-0.0278,JWST Transiting Exoplanet Community ERS Team 2022,0.14731,9.4E-4,-9.5E-4,JWST Transiting Exoplanet Community ERS Team 2022,1.2829,,,JWST Transiting Exoplanet Community ERS Team 2022,,,,0.895,0.023,-0.023,Faedi et al. 2011
4.53136,,2.1604,0.0281,-0.0281,JWST Transiting Exoplanet Community ERS Team 2022,0.14698,9.5E-4,-9.6E-4,JWST Transiting Exoplanet Community ERS Team 2022,1.2801,,,JWST Transiting Exoplanet Community ERS Team 2022,,,,0.895,0.023,-0.023,Faedi et al. 2011
4.54006,,2.2011,0.0281,-0.0281,JWST Transiting Exoplanet Community ERS Team 2022,0.14836,9.4E-4,-9.5E-4,JWST Transiting Exoplanet Community ERS Team 2022,1.2921,,,JWST Transiting Exoplanet Community ERS Team 2022,,,,0.895,0.023,-0.023,Faedi et al. 2011
4.54874,,2.1809,0.0285,-0.0285,JWST Transiting Exoplanet Community ERS Team 2022,0.14768,9.6E-4,-9.7E-4,JWST Transiting Exoplanet Community ERS Team 2022,1.2862,,,JWST Transiting Exoplanet Community ERS Team 2022,,,,0.895,0.023,-0.023,Faedi et al. 2011
4.5574,,2.1813,0.0286,-0.0286,JWST Transiting Exoplanet Community ERS Team 2022,0.14769,9.7E-4,-9.7E-4,JWST Transiting Exoplanet Community ERS Team 2022,1.2863,,,JWST Transiting Exoplanet Community ERS Team 2022,,,,0.895,0.023,-0.023,Faedi et al. 2011
4.56605,,2.1728,0.0287,-0.0287,JWST Transiting Exoplanet Community ERS Team 2022,0.1474,9.7E-4,-9.8E-4,JWST Transiting Exoplanet Community ERS Team 2022,1.2838,,,JWST Transiting Exoplanet Community ERS Team 2022,,,,0.895,0.023,-0.023,Faedi et al. 2011
4.57468,,2.1506,0.0285,-0.0285,JWST Transiting Exoplanet Community ERS Team 2022,0.14665,9.7E-4,-9.7E-4,JWST Transiting Exoplanet Community ERS Team 2022,1.2772,,,JWST Transiting Exoplanet Community ERS Team 2022,,,,0.895,0.023,-0.023,Faedi et al. 2011
4.58329,,2.1686,0.0294,-0.0294,JWST Transiting Exoplanet Community ERS Team 2022,0.14726,9.9E-4,-0.001,JWST Transiting Exoplanet Community ERS Team 2022,1.2826,,,JWST Transiting Exoplanet Community ERS Team 2022,,,,0.895,0.023,-0.023,Faedi et al. 2011
4.59189,,2.1919,0.0291,-0.0291,JWST Transiting Exoplanet Community ERS Team 2022,0.14805,9.8E-4,-9.9E-4,JWST Transiting Exoplanet Community ERS Team 2022,1.2894,,,JWST Transiting Exoplanet Community ERS Team 2022,,,,0.895,0.023,-0.023,Faedi et al. 2011
4.60046,,2.1719,0.0292,-0.0292,JWST Transiting Exoplanet Community ERS Team 2022,0.14737,9.9E-4,-9.9E-4,JWST Transiting Exoplanet Community ERS Team 2022,1.2835,,,JWST Transiting Exoplanet Community ERS Team 2022,,,,0.895,0.023,-0.023,Faedi et al. 2011
4.60902,,2.1805,0.0289,-0.0289,JWST Transiting Exoplanet Community ERS Team 2022,0.14767,9.8E-4,-9.8E-4,JWST Transiting Exoplanet Community ERS Team 2022,1.2861,,,JWST Transiting Exoplanet Community ERS Team 2022,,,,0.895,0.023,-0.023,Faedi et al. 2011
4.61757,,2.1653,0.0295,-0.0295,JWST Transiting Exoplanet Community ERS Team 2022,0.14715,0.001,-0.00101,JWST Transiting Exoplanet Community ERS Team 2022,1.2816,,,JWST Transiting Exoplanet Community ERS Team 2022,,,,0.895,0.023,-0.023,Faedi et al. 2011
4.66847,,2.1262,0.0295,-0.0295,JWST Transiting Exoplanet Community ERS Team 2022,0.14581,0.00101,-0.00102,JWST Transiting Exoplanet Community ERS Team 2022,1.27,,,JWST Transiting Exoplanet Community ERS Team 2022,,,,0.895,0.023,-0.023,Faedi et al. 2011
4.67689,,2.1663,0.0301,-0.0301,JWST Transiting Exoplanet Community ERS Team 2022,0.14718,0.00102,-0.00103,JWST Transiting Exoplanet Community ERS Team 2022,1.2819,,,JWST Transiting Exoplanet Community ERS Team 2022,,,,0.895,0.023,-0.023,Faedi et al. 2011
4.6853,,2.1853,0.0299,-0.0299,JWST Transiting Exoplanet Community ERS Team 2022,0.14783,0.00101,-0.00101,JWST Transiting Exoplanet Community ERS Team 2022,1.2875,,,JWST Transiting Exoplanet Community ERS Team 2022,,,,0.895,0.023,-0.023,Faedi et al. 2011
4.69369,,2.1359,0.0299,-0.0299,JWST Transiting Exoplanet Community ERS Team 2022,0.14615,0.00102,-0.00103,JWST Transiting Exoplanet Community ERS Team 2022,1.2729,,,JWST Transiting Exoplanet Community ERS Team 2022,,,,0.895,0.023,-0.023,Faedi et al. 2011
4.70207,,2.1657,0.0306,-0.0306,JWST Transiting Exoplanet Community ERS Team 2022,0.14716,0.00104,-0.00104,JWST Transiting Exoplanet Community ERS Team 2022,1.2817,,,JWST Transiting Exoplanet Community ERS Team 2022,,,,0.895,0.023,-0.023,Faedi et al. 2011
4.71043,,2.2138,0.0307,-0.0307,JWST Transiting Exoplanet Community ERS Team 2022,0.14879,0.00103,-0.00104,JWST Transiting Exoplanet Community ERS Team 2022,1.2959,,,JWST Transiting Exoplanet Community ERS Team 2022,,,,0.895,0.023,-0.023,Faedi et al. 2011
4.71878,,2.1548,0.0313,-0.0313,JWST Transiting Exoplanet Community ERS Team 2022,0.14679,0.00106,-0.00107,JWST Transiting Exoplanet Community ERS Team 2022,1.2785,,,JWST Transiting Exoplanet Community ERS Team 2022,,,,0.895,0.023,-0.023,Faedi et al. 2011
4.7271,,2.1784,0.0316,-0.0316,JWST Transiting Exoplanet Community ERS Team 2022,0.14759,0.00107,-0.00107,JWST Transiting Exoplanet Community ERS Team 2022,1.2855,,,JWST Transiting Exoplanet Community ERS Team 2022,,,,0.895,0.023,-0.023,Faedi et al. 2011
4.73542,,2.1788,0.032,-0.032,JWST Transiting Exoplanet Community ERS Team 2022,0.14761,0.00108,-0.00109,JWST Transiting Exoplanet Community ERS Team 2022,1.2856,,,JWST Transiting Exoplanet Community ERS Team 2022,,,,0.895,0.023,-0.023,Faedi et al. 2011
4.74371,,2.1788,0.031,-0.031,JWST Transiting Exoplanet Community ERS Team 2022,0.14761,0.00105,-0.00105,JWST Transiting Exoplanet Community ERS Team 2022,1.2856,,,JWST Transiting Exoplanet Community ERS Team 2022,,,,0.895,0.023,-0.023,Faedi et al. 2011
4.75199,,2.1354,0.0316,-0.0316,JWST Transiting Exoplanet Community ERS Team 2022,0.14613,0.00108,-0.00109,JWST Transiting Exoplanet Community ERS Team 2022,1.2727,,,JWST Transiting Exoplanet Community ERS Team 2022,,,,0.895,0.023,-0.023,Faedi et al. 2011
4.76026,,2.187,0.0311,-0.0311,JWST Transiting Exoplanet Community ERS Team 2022,0.14789,0.00105,-0.00106,JWST Transiting Exoplanet Community ERS Team 2022,1.288,,,JWST Transiting Exoplanet Community ERS Team 2022,,,,0.895,0.023,-0.023,Faedi et al. 2011
4.76851,,2.2044,0.0333,-0.0333,JWST Transiting Exoplanet Community ERS Team 2022,0.14847,0.00112,-0.00113,JWST Transiting Exoplanet Community ERS Team 2022,1.2931,,,JWST Transiting Exoplanet Community ERS Team 2022,,,,0.895,0.023,-0.023,Faedi et al. 2011
4.77674,,2.1845,0.0314,-0.0314,JWST Transiting Exoplanet Community ERS Team 2022,0.1478,0.00106,-0.00107,JWST Transiting Exoplanet Community ERS Team 2022,1.2873,,,JWST Transiting Exoplanet Community ERS Team 2022,,,,0.895,0.023,-0.023,Faedi et al. 2011
4.78496,,2.1504,0.0315,-0.0315,JWST Transiting Exoplanet Community ERS Team 2022,0.14664,0.00107,-0.00108,JWST Transiting Exoplanet Community ERS Team 2022,1.2772,,,JWST Transiting Exoplanet Community ERS Team 2022,,,,0.895,0.023,-0.023,Faedi et al. 2011
4.79316,,2.1975,0.0314,-0.0314,JWST Transiting Exoplanet Community ERS Team 2022,0.14824,0.00106,-0.00106,JWST Transiting Exoplanet Community ERS Team 2022,1.2911,,,JWST Transiting Exoplanet Community ERS Team 2022,,,,0.895,0.023,-0.023,Faedi et al. 2011
4.80135,,2.1587,0.0321,-0.0321,JWST Transiting Exoplanet Community ERS Team 2022,0.14693,0.00109,-0.0011,JWST Transiting Exoplanet Community ERS Team 2022,1.2796,,,JWST Transiting Exoplanet Community ERS Team 2022,,,,0.895,0.023,-0.023,Faedi et al. 2011
4.80952,,2.1797,0.0327,-0.0327,JWST Transiting Exoplanet Community ERS Team 2022,0.14764,0.0011,-0.00111,JWST Transiting Exoplanet Community ERS Team 2022,1.2858,,,JWST Transiting Exoplanet Community ERS Team 2022,,,,0.895,0.023,-0.023,Faedi et al. 2011
4.81768,,2.1752,0.0325,-0.0325,JWST Transiting Exoplanet Community ERS Team 2022,0.14749,0.0011,-0.00111,JWST Transiting Exoplanet Community ERS Team 2022,1.2845,,,JWST Transiting Exoplanet Community ERS Team 2022,,,,0.895,0.023,-0.023,Faedi et al. 2011
4.82582,,2.1492,0.0326,-0.0326,JWST Transiting Exoplanet Community ERS Team 2022,0.1466,0.00111,-0.00112,JWST Transiting Exoplanet Community ERS Team 2022,1.2768,,,JWST Transiting Exoplanet Community ERS Team 2022,,,,0.895,0.023,-0.023,Faedi et al. 2011
4.83395,,2.1857,0.033,-0.033,JWST Transiting Exoplanet Community ERS Team 2022,0.14784,0.00111,-0.00112,JWST Transiting Exoplanet Community ERS Team 2022,1.2876,,,JWST Transiting Exoplanet Community ERS Team 2022,,,,0.895,0.023,-0.023,Faedi et al. 2011
4.84206,,2.1404,0.0355,-0.0355,JWST Transiting Exoplanet Community ERS Team 2022,0.1463,0.00121,-0.00122,JWST Transiting Exoplanet Community ERS Team 2022,1.2742,,,JWST Transiting Exoplanet Community ERS Team 2022,,,,0.895,0.023,-0.023,Faedi et al. 2011
4.85016,,2.1868,0.0333,-0.0333,JWST Transiting Exoplanet Community ERS Team 2022,0.14788,0.00112,-0.00113,JWST Transiting Exoplanet Community ERS Team 2022,1.2879,,,JWST Transiting Exoplanet Community ERS Team 2022,,,,0.895,0.023,-0.023,Faedi et al. 2011
4.85824,,2.1528,0.0332,-0.0332,JWST Transiting Exoplanet Community ERS Team 2022,0.14672,0.00113,-0.00114,JWST Transiting Exoplanet Community ERS Team 2022,1.2779,,,JWST Transiting Exoplanet Community ERS Team 2022,,,,0.895,0.023,-0.023,Faedi et al. 2011
4.86631,,2.1417,0.0337,-0.0337,JWST Transiting Exoplanet Community ERS Team 2022,0.14635,0.00115,-0.00116,JWST Transiting Exoplanet Community ERS Team 2022,1.2746,,,JWST Transiting Exoplanet Community ERS Team 2022,,,,0.895,0.023,-0.023,Faedi et al. 2011
4.87436,,2.1924,0.0338,-0.0338,JWST Transiting Exoplanet Community ERS Team 2022,0.14807,0.00114,-0.00115,JWST Transiting Exoplanet Community ERS Team 2022,1.2896,,,JWST Transiting Exoplanet Community ERS Team 2022,,,,0.895,0.023,-0.023,Faedi et al. 2011
4.8824,,2.1341,0.0333,-0.0333,JWST Transiting Exoplanet Community ERS Team 2022,0.14609,0.00114,-0.00114,JWST Transiting Exoplanet Community ERS Team 2022,1.2723,,,JWST Transiting Exoplanet Community ERS Team 2022,,,,0.895,0.023,-0.023,Faedi et al. 2011
4.89043,,2.1213,0.0344,-0.0344,JWST Transiting Exoplanet Community ERS Team 2022,0.14565,0.00118,-0.00119,JWST Transiting Exoplanet Community ERS Team 2022,1.2685,,,JWST Transiting Exoplanet Community ERS Team 2022,,,,0.895,0.023,-0.023,Faedi et al. 2011
4.89844,,2.1314,0.035,-0.035,JWST Transiting Exoplanet Community ERS Team 2022,0.14599,0.00119,-0.0012,JWST Transiting Exoplanet Community ERS Team 2022,1.2715,,,JWST Transiting Exoplanet Community ERS Team 2022,,,,0.895,0.023,-0.023,Faedi et al. 2011
4.90643,,2.1417,0.0347,-0.0347,JWST Transiting Exoplanet Community ERS Team 2022,0.14635,0.00118,-0.00119,JWST Transiting Exoplanet Community ERS Team 2022,1.2746,,,JWST Transiting Exoplanet Community ERS Team 2022,,,,0.895,0.023,-0.023,Faedi et al. 2011
4.91441,,2.1266,0.0348,-0.0348,JWST Transiting Exoplanet Community ERS Team 2022,0.14583,0.00119,-0.0012,JWST Transiting Exoplanet Community ERS Team 2022,1.2701,,,JWST Transiting Exoplanet Community ERS Team 2022,,,,0.895,0.023,-0.023,Faedi et al. 2011
4.92238,,2.1455,0.0348,-0.0348,JWST Transiting Exoplanet Community ERS Team 2022,0.14648,0.00118,-0.00119,JWST Transiting Exoplanet Community ERS Team 2022,1.2757,,,JWST Transiting Exoplanet Community ERS Team 2022,,,,0.895,0.023,-0.023,Faedi et al. 2011
4.93033,,2.191,0.035,-0.035,JWST Transiting Exoplanet Community ERS Team 2022,0.14802,0.00118,-0.00119,JWST Transiting Exoplanet Community ERS Team 2022,1.2892,,,JWST Transiting Exoplanet Community ERS Team 2022,,,,0.895,0.023,-0.023,Faedi et al. 2011
4.93827,,2.18,0.0348,-0.0348,JWST Transiting Exoplanet Community ERS Team 2022,0.14765,0.00117,-0.00118,JWST Transiting Exoplanet Community ERS Team 2022,1.2859,,,JWST Transiting Exoplanet Community ERS Team 2022,,,,0.895,0.023,-0.023,Faedi et al. 2011
4.9462,,2.1668,0.0355,-0.0355,JWST Transiting Exoplanet Community ERS Team 2022,0.1472,0.0012,-0.00121,JWST Transiting Exoplanet Community ERS Team 2022,1.282,,,JWST Transiting Exoplanet Community ERS Team 2022,,,,0.895,0.023,-0.023,Faedi et al. 2011
4.95411,,2.1826,0.0354,-0.0354,JWST Transiting Exoplanet Community ERS Team 2022,0.14774,0.00119,-0.0012,JWST Transiting Exoplanet Community ERS Team 2022,1.2867,,,JWST Transiting Exoplanet Community ERS Team 2022,,,,0.895,0.023,-0.023,Faedi et al. 2011
4.96201,,2.1941,0.0353,-0.0353,JWST Transiting Exoplanet Community ERS Team 2022,0.14812,0.00119,-0.0012,JWST Transiting Exoplanet Community ERS Team 2022,1.2901,,,JWST Transiting Exoplanet Community ERS Team 2022,,,,0.895,0.023,-0.023,Faedi et al. 2011
4.96989,,2.2139,0.0355,-0.0355,JWST Transiting Exoplanet Community ERS Team 2022,0.14879,0.00119,-0.0012,JWST Transiting Exoplanet Community ERS Team 2022,1.2959,,,JWST Transiting Exoplanet Community ERS Team 2022,,,,0.895,0.023,-0.023,Faedi et al. 2011
4.97776,,2.1522,0.0356,-0.0356,JWST Transiting Exoplanet Community ERS Team 2022,0.1467,0.00121,-0.00122,JWST Transiting Exoplanet Community ERS Team 2022,1.2777,,,JWST Transiting Exoplanet Community ERS Team 2022,,,,0.895,0.023,-0.023,Faedi et al. 2011
4.98562,,2.1147,0.0354,-0.0354,JWST Transiting Exoplanet Community ERS Team 2022,0.14542,0.00121,-0.00122,JWST Transiting Exoplanet Community ERS Team 2022,1.2665,,,JWST Transiting Exoplanet Community ERS Team 2022,,,,0.895,0.023,-0.023,Faedi et al. 2011
4.99346,,2.1181,0.0362,-0.0362,JWST Transiting Exoplanet Community ERS Team 2022,0.14554,0.00124,-0.00125,JWST Transiting Exoplanet Community ERS Team 2022,1.2675,,,JWST Transiting Exoplanet Community ERS Team 2022,,,,0.895,0.023,-0.023,Faedi et al. 2011
5.00129,,2.1627,0.0369,-0.0369,JWST Transiting Exoplanet Community ERS Team 2022,0.14706,0.00125,-0.00126,JWST Transiting Exoplanet Community ERS Team 2022,1.2808,,,JWST Transiting Exoplanet Community ERS Team 2022,,,,0.895,0.023,-0.023,Faedi et al. 2011
5.0091,,2.1678,0.037,-0.037,JWST Transiting Exoplanet Community ERS Team 2022,0.14723,0.00125,-0.00126,JWST Transiting Exoplanet Community ERS Team 2022,1.2823,,,JWST Transiting Exoplanet Community ERS Team 2022,,,,0.895,0.023,-0.023,Faedi et al. 2011
5.01691,,2.1587,0.0372,-0.0372,JWST Transiting Exoplanet Community ERS Team 2022,0.14693,0.00126,-0.00127,JWST Transiting Exoplanet Community ERS Team 2022,1.2796,,,JWST Transiting Exoplanet Community ERS Team 2022,,,,0.895,0.023,-0.023,Faedi et al. 2011
5.02469,,2.1386,0.0378,-0.0378,JWST Transiting Exoplanet Community ERS Team 2022,0.14624,0.00129,-0.0013,JWST Transiting Exoplanet Community ERS Team 2022,1.2737,,,JWST Transiting Exoplanet Community ERS Team 2022,,,,0.895,0.023,-0.023,Faedi et al. 2011
5.03247,,2.1219,0.0379,-0.0379,JWST Transiting Exoplanet Community ERS Team 2022,0.14567,0.0013,-0.00131,JWST Transiting Exoplanet Community ERS Team 2022,1.2687,,,JWST Transiting Exoplanet Community ERS Team 2022,,,,0.895,0.023,-0.023,Faedi et al. 2011
5.04023,,2.1434,0.0376,-0.0376,JWST Transiting Exoplanet Community ERS Team 2022,0.1464,0.00128,-0.00129,JWST Transiting Exoplanet Community ERS Team 2022,1.2751,,,JWST Transiting Exoplanet Community ERS Team 2022,,,,0.895,0.023,-0.023,Faedi et al. 2011
5.04798,,2.1783,0.0375,-0.0375,JWST Transiting Exoplanet Community ERS Team 2022,0.14759,0.00126,-0.00128,JWST Transiting Exoplanet Community ERS Team 2022,1.2854,,,JWST Transiting Exoplanet Community ERS Team 2022,,,,0.895,0.023,-0.023,Faedi et al. 2011
5.05572,,2.1584,0.0373,-0.0373,JWST Transiting Exoplanet Community ERS Team 2022,0.14691,0.00126,-0.00127,JWST Transiting Exoplanet Community ERS Team 2022,1.2795,,,JWST Transiting Exoplanet Community ERS Team 2022,,,,0.895,0.023,-0.023,Faedi et al. 2011
5.06344,,2.1685,0.036,-0.036,JWST Transiting Exoplanet Community ERS Team 2022,0.14726,0.00122,-0.00123,JWST Transiting Exoplanet Community ERS Team 2022,1.2825,,,JWST Transiting Exoplanet Community ERS Team 2022,,,,0.895,0.023,-0.023,Faedi et al. 2011
5.07115,,2.1698,0.0381,-0.0381,JWST Transiting Exoplanet Community ERS Team 2022,0.1473,0.00129,-0.0013,JWST Transiting Exoplanet Community ERS Team 2022,1.2829,,,JWST Transiting Exoplanet Community ERS Team 2022,,,,0.895,0.023,-0.023,Faedi et al. 2011
5.07885,,2.1851,0.0388,-0.0388,JWST Transiting Exoplanet Community ERS Team 2022,0.14782,0.00131,-0.00132,JWST Transiting Exoplanet Community ERS Team 2022,1.2874,,,JWST Transiting Exoplanet Community ERS Team 2022,,,,0.895,0.023,-0.023,Faedi et al. 2011
5.08653,,2.1784,0.0394,-0.0394,JWST Transiting Exoplanet Community ERS Team 2022,0.14759,0.00133,-0.00134,JWST Transiting Exoplanet Community ERS Team 2022,1.2855,,,JWST Transiting Exoplanet Community ERS Team 2022,,,,0.895,0.023,-0.023,Faedi et al. 2011
5.0942,,2.1693,0.0424,-0.0424,JWST Transiting Exoplanet Community ERS Team 2022,0.14729,0.00143,-0.00145,JWST Transiting Exoplanet Community ERS Team 2022,1.2828,,,JWST Transiting Exoplanet Community ERS Team 2022,,,,0.895,0.023,-0.023,Faedi et al. 2011
5.10186,,2.1467,0.0406,-0.0406,JWST Transiting Exoplanet Community ERS Team 2022,0.14652,0.00138,-0.00139,JWST Transiting Exoplanet Community ERS Team 2022,1.2761,,,JWST Transiting Exoplanet Community ERS Team 2022,,,,0.895,0.023,-0.023,Faedi et al. 2011
5.1095,,2.1303,0.0411,-0.0411,JWST Transiting Exoplanet Community ERS Team 2022,0.14596,0.0014,-0.00141,JWST Transiting Exoplanet Community ERS Team 2022,1.2712,,,JWST Transiting Exoplanet Community ERS Team 2022,,,,0.895,0.023,-0.023,Faedi et al. 2011
5.11714,,2.1435,0.041,-0.041,JWST Transiting Exoplanet Community ERS Team 2022,0.14641,0.00139,-0.00141,JWST Transiting Exoplanet Community ERS Team 2022,1.2751,,,JWST Transiting Exoplanet Community ERS Team 2022,,,,0.895,0.023,-0.023,Faedi et al. 2011
5.12476,,2.1688,0.0412,-0.0412,JWST Transiting Exoplanet Community ERS Team 2022,0.14727,0.00139,-0.00141,JWST Transiting Exoplanet Community ERS Team 2022,1.2826,,,JWST Transiting Exoplanet Community ERS Team 2022,,,,0.895,0.023,-0.023,Faedi et al. 2011
5.13237,,2.2036,0.0411,-0.0411,JWST Transiting Exoplanet Community ERS Team 2022,0.14845,0.00138,-0.00139,JWST Transiting Exoplanet Community ERS Team 2022,1.2929,,,JWST Transiting Exoplanet Community ERS Team 2022,,,,0.895,0.023,-0.023,Faedi et al. 2011
5.13996,,2.2182,0.042,-0.042,JWST Transiting Exoplanet Community ERS Team 2022,0.14894,0.0014,-0.00142,JWST Transiting Exoplanet Community ERS Team 2022,1.2971,,,JWST Transiting Exoplanet Community ERS Team 2022,,,,0.895,0.023,-0.023,Faedi et al. 2011
5.14754,,2.1983,0.0415,-0.0415,JWST Transiting Exoplanet Community ERS Team 2022,0.14827,0.00139,-0.00141,JWST Transiting Exoplanet Community ERS Team 2022,1.2913,,,JWST Transiting Exoplanet Community ERS Team 2022,,,,0.895,0.023,-0.023,Faedi et al. 2011
5.15511,,2.1519,0.0422,-0.0422,JWST Transiting Exoplanet Community ERS Team 2022,0.14669,0.00143,-0.00145,JWST Transiting Exoplanet Community ERS Team 2022,1.2776,,,JWST Transiting Exoplanet Community ERS Team 2022,,,,0.895,0.023,-0.023,Faedi et al. 2011
5.16267,,2.1481,0.0425,-0.0425,JWST Transiting Exoplanet Community ERS Team 2022,0.14656,0.00144,-0.00146,JWST Transiting Exoplanet Community ERS Team 2022,1.2765,,,JWST Transiting Exoplanet Community ERS Team 2022,,,,0.895,0.023,-0.023,Faedi et al. 2011
5.17022,,2.1351,0.0432,-0.0432,JWST Transiting Exoplanet Community ERS Team 2022,0.14612,0.00147,-0.00149,JWST Transiting Exoplanet Community ERS Team 2022,1.2726,,,JWST Transiting Exoplanet Community ERS Team 2022,,,,0.895,0.023,-0.023,Faedi et al. 2011
5.17775,,2.1622,0.0429,-0.0429,JWST Transiting Exoplanet Community ERS Team 2022,0.14704,0.00145,-0.00147,JWST Transiting Exoplanet Community ERS Team 2022,1.2807,,,JWST Transiting Exoplanet Community ERS Team 2022,,,,0.895,0.023,-0.023,Faedi et al. 2011
5.18527,,2.1611,0.0431,-0.0431,JWST Transiting Exoplanet Community ERS Team 2022,0.14701,0.00146,-0.00147,JWST Transiting Exoplanet Community ERS Team 2022,1.2803,,,JWST Transiting Exoplanet Community ERS Team 2022,,,,0.895,0.023,-0.023,Faedi et al. 2011
5.19278,,2.1441,0.043,-0.043,JWST Transiting Exoplanet Community ERS Team 2022,0.14643,0.00146,-0.00148,JWST Transiting Exoplanet Community ERS Team 2022,1.2753,,,JWST Transiting Exoplanet Community ERS Team 2022,,,,0.895,0.023,-0.023,Faedi et al. 2011
5.20028,,2.129,0.0433,-0.0433,JWST Transiting Exoplanet Community ERS Team 2022,0.14591,0.00148,-0.00149,JWST Transiting Exoplanet Community ERS Team 2022,1.2708,,,JWST Transiting Exoplanet Community ERS Team 2022,,,,0.895,0.023,-0.023,Faedi et al. 2011
5.20776,,2.1878,0.0435,-0.0435,JWST Transiting Exoplanet Community ERS Team 2022,0.14791,0.00146,-0.00148,JWST Transiting Exoplanet Community ERS Team 2022,1.2882,,,JWST Transiting Exoplanet Community ERS Team 2022,,,,0.895,0.023,-0.023,Faedi et al. 2011
5.21524,,2.1819,0.0433,-0.0433,JWST Transiting Exoplanet Community ERS Team 2022,0.14771,0.00146,-0.00147,JWST Transiting Exoplanet Community ERS Team 2022,1.2865,,,JWST Transiting Exoplanet Community ERS Team 2022,,,,0.895,0.023,-0.023,Faedi et al. 2011
5.2227,,2.2053,0.0432,-0.0432,JWST Transiting Exoplanet Community ERS Team 2022,0.1485,0.00145,-0.00146,JWST Transiting Exoplanet Community ERS Team 2022,1.2934,,,JWST Transiting Exoplanet Community ERS Team 2022,,,,0.895,0.023,-0.023,Faedi et al. 2011
5.23015,,2.1744,0.0433,-0.0433,JWST Transiting Exoplanet Community ERS Team 2022,0.14746,0.00146,-0.00148,JWST Transiting Exoplanet Community ERS Team 2022,1.2843,,,JWST Transiting Exoplanet Community ERS Team 2022,,,,0.895,0.023,-0.023,Faedi et al. 2011
5.23759,,2.1923,0.0438,-0.0438,JWST Transiting Exoplanet Community ERS Team 2022,0.14806,0.00147,-0.00149,JWST Transiting Exoplanet Community ERS Team 2022,1.2895,,,JWST Transiting Exoplanet Community ERS Team 2022,,,,0.895,0.023,-0.023,Faedi et al. 2011
5.24501,,2.2438,0.0445,-0.0445,JWST Transiting Exoplanet Community ERS Team 2022,0.14979,0.00148,-0.00149,JWST Transiting Exoplanet Community ERS Team 2022,1.3046,,,JWST Transiting Exoplanet Community ERS Team 2022,,,,0.895,0.023,-0.023,Faedi et al. 2011
5.25242,,2.197,0.0442,-0.0442,JWST Transiting Exoplanet Community ERS Team 2022,0.14822,0.00148,-0.0015,JWST Transiting Exoplanet Community ERS Team 2022,1.2909,,,JWST Transiting Exoplanet Community ERS Team 2022,,,,0.895,0.023,-0.023,Faedi et al. 2011
5.25983,,2.2009,0.0444,-0.0444,JWST Transiting Exoplanet Community ERS Team 2022,0.14835,0.00149,-0.0015,JWST Transiting Exoplanet Community ERS Team 2022,1.2921,,,JWST Transiting Exoplanet Community ERS Team 2022,,,,0.895,0.023,-0.023,Faedi et al. 2011
5.26722,,2.1697,0.0441,-0.0441,JWST Transiting Exoplanet Community ERS Team 2022,0.1473,0.00149,-0.0015,JWST Transiting Exoplanet Community ERS Team 2022,1.2829,,,JWST Transiting Exoplanet Community ERS Team 2022,,,,0.895,0.023,-0.023,Faedi et al. 2011
5.2746,,2.1525,0.0448,-0.0448,JWST Transiting Exoplanet Community ERS Team 2022,0.14671,0.00152,-0.00153,JWST Transiting Exoplanet Community ERS Team 2022,1.2778,,,JWST Transiting Exoplanet Community ERS Team 2022,,,,0.895,0.023,-0.023,Faedi et al. 2011
5.28196,,2.1765,0.0454,-0.0454,JWST Transiting Exoplanet Community ERS Team 2022,0.14753,0.00153,-0.00155,JWST Transiting Exoplanet Community ERS Team 2022,1.2849,,,JWST Transiting Exoplanet Community ERS Team 2022,,,,0.895,0.023,-0.023,Faedi et al. 2011
5.28932,,2.1635,0.0452,-0.0452,JWST Transiting Exoplanet Community ERS Team 2022,0.14709,0.00153,-0.00154,JWST Transiting Exoplanet Community ERS Team 2022,1.281,,,JWST Transiting Exoplanet Community ERS Team 2022,,,,0.895,0.023,-0.023,Faedi et al. 2011
5.29667,,2.1514,0.0455,-0.0455,JWST Transiting Exoplanet Community ERS Team 2022,0.14668,0.00154,-0.00156,JWST Transiting Exoplanet Community ERS Team 2022,1.2775,,,JWST Transiting Exoplanet Community ERS Team 2022,,,,0.895,0.023,-0.023,Faedi et al. 2011
5.304,,2.1579,0.0456,-0.0456,JWST Transiting Exoplanet Community ERS Team 2022,0.1469,0.00154,-0.00156,JWST Transiting Exoplanet Community ERS Team 2022,1.2794,,,JWST Transiting Exoplanet Community ERS Team 2022,,,,0.895,0.023,-0.023,Faedi et al. 2011
5.31132,,2.0964,0.0466,-0.0466,JWST Transiting Exoplanet Community ERS Team 2022,0.14479,0.0016,-0.00162,JWST Transiting Exoplanet Community ERS Team 2022,1.261,,,JWST Transiting Exoplanet Community ERS Team 2022,,,,0.895,0.023,-0.023,Faedi et al. 2011
5.31863,,2.1587,0.0474,-0.0474,JWST Transiting Exoplanet Community ERS Team 2022,0.14693,0.0016,-0.00162,JWST Transiting Exoplanet Community ERS Team 2022,1.2796,,,JWST Transiting Exoplanet Community ERS Team 2022,,,,0.895,0.023,-0.023,Faedi et al. 2011
5.32593,,2.1564,0.0486,-0.0486,JWST Transiting Exoplanet Community ERS Team 2022,0.14685,0.00165,-0.00166,JWST Transiting Exoplanet Community ERS Team 2022,1.2789,,,JWST Transiting Exoplanet Community ERS Team 2022,,,,0.895,0.023,-0.023,Faedi et al. 2011
5.33322,,2.1283,0.0489,-0.0489,JWST Transiting Exoplanet Community ERS Team 2022,0.14589,0.00167,-0.00169,JWST Transiting Exoplanet Community ERS Team 2022,1.2706,,,JWST Transiting Exoplanet Community ERS Team 2022,,,,0.895,0.023,-0.023,Faedi et al. 2011
5.3405,,2.1437,0.0532,-0.0532,JWST Transiting Exoplanet Community ERS Team 2022,0.14641,0.00181,-0.00183,JWST Transiting Exoplanet Community ERS Team 2022,1.2752,,,JWST Transiting Exoplanet Community ERS Team 2022,,,,0.895,0.023,-0.023,Faedi et al. 2011
